"city","data_source","Var_p","Var_W"
"Abidjan","era5-land",69331.8719966173,60783.3016733615
"Abidjan","gleam-v4-1a",NA,34521.1238382135
"Abidjan","mswep-v2-8",47377.9742479916,45858.6167134778
"Abidjan","terraclimate",36959.1187830867,34020.953690222
"Abu Dhabi","era5-land",1522.71963483087,1607.05133382664
"Abu Dhabi","gleam-v4-1a",NA,781.469956236786
"Abu Dhabi","mswep-v2-8",2155.55372827696,1708.98702130021
"Abu Dhabi","terraclimate",942.555217970402,2.38837568710359
"Abuja","era5-land",54281.3849608351,56228.2752247357
"Abuja","gleam-v4-1a",NA,36328.5508352537
"Abuja","mswep-v2-8",23384.4652906448,33869.9742004228
"Abuja","terraclimate",29191.0766966173,20137.0413073996
"Accra","era5-land",39628.7688348309,19514.0342555497
"Accra","gleam-v4-1a",NA,15066.891444556
"Accra","mswep-v2-8",14233.8518614693,8230.17963229387
"Accra","terraclimate",20138.1065883192,3875.9676640592
"Addis Ababa","era5-land",40015.6230114165,27536.1208200846
"Addis Ababa","gleam-v4-1a",NA,15554.0395608351
"Addis Ababa","mswep-v2-8",13920.3064439746,10330.7849270613
"Addis Ababa","terraclimate",16565.3321253171,8640.89562135307
"Ahmedabad","era5-land",94642.5977578753,67696.2614809197
"Ahmedabad","gleam-v4-1a",NA,43643.2490674419
"Ahmedabad","mswep-v2-8",86645.3462928118,64828.9304249471
"Ahmedabad","terraclimate",56930.3248714588,31978.0269183932
"Alexandria","era5-land",3606.65234080338,7161.01096215645
"Alexandria","gleam-v4-1a",NA,1424.29688937632
"Alexandria","mswep-v2-8",2131.47012320296,836.071159989429
"Alexandria","terraclimate",2713.0725160148,35.6628259513742
"Algiers","era5-land",18059.7598190275,11400.8810754228
"Algiers","gleam-v4-1a",NA,16478.4192852008
"Algiers","mswep-v2-8",18851.3787143235,12122.5891113636
"Algiers","terraclimate",23435.9828725159,11929.3265253171
"Amman","era5-land",3811.11310036998,2479.52361030655
"Amman","gleam-v4-1a",NA,4665.21084455603
"Amman","mswep-v2-8",6234.0013372093,4864.91372536998
"Amman","terraclimate",6527.58426020085,2282.09029487315
"Amsterdam","era5-land",14530.2993650634,13636.3467692918
"Amsterdam","gleam-v4-1a",NA,11936.7100687104
"Amsterdam","mswep-v2-8",11500.4432119979,11148.9125794926
"Amsterdam","terraclimate",12534.1876022727,9193.60250676533
"Ankara","era5-land",6263.25383382664,5505.70530359408
"Ankara","gleam-v4-1a",NA,4071.8403917019
"Ankara","mswep-v2-8",4625.52937610994,3872.38712785412
"Ankara","terraclimate",4438.31905264271,1745.011497463
"Antananarivo","era5-land",47009.9823881607,40124.0216771142
"Antananarivo","gleam-v4-1a",NA,54598.6999283298
"Antananarivo","mswep-v2-8",52517.4584813425,49476.1105866279
"Antananarivo","terraclimate",50700.2985061311,52701.5207392706
"Asmara","era5-land",27096.5725342495,17724.6012625793
"Asmara","gleam-v4-1a",NA,13905.32470037
"Asmara","mswep-v2-8",13703.1896458774,7185.31662325582
"Asmara","terraclimate",14806.5020906448,5323.95675940803
"Astana","era5-land",4380.77739704017,2091.07866786469
"Astana","gleam-v4-1a",NA,1491.87320359408
"Astana","mswep-v2-8",3137.24642764271,1905.71252193446
"Astana","terraclimate",2697.39880211416,669.291443128964
"Asuncion","era5-land",116333.065061469,118443.196152431
"Asuncion","gleam-v4-1a",NA,65453.1864555497
"Asuncion","mswep-v2-8",64077.0833162791,69486.4208530127
"Asuncion","terraclimate",62528.6689503171,19741.6549408034
"Athens","era5-land",7920.64291902748,4506.47189106765
"Athens","gleam-v4-1a",NA,5508.725475
"Athens","mswep-v2-8",9992.58093673362,6299.34951390063
"Athens","terraclimate",8944.7186788055,2987.34758287526
"Baghdad","era5-land",3382.90914630021,1875.99146231501
"Baghdad","gleam-v4-1a",NA,1382.98051263214
"Baghdad","mswep-v2-8",2804.47977859408,1073.24163171247
"Baghdad","terraclimate",1276.15159809725,3.22468641649049
"Baku","era5-land",3161.42198874207,7282.63196448203
"Baku","gleam-v4-1a",NA,5426.18614799154
"Baku","mswep-v2-8",2005.33125554968,4515.55155961945
"Baku","terraclimate",2668.9517904334,233.884272463002
"Bamako","era5-land",13422.3200352537,15480.1788627378
"Bamako","gleam-v4-1a",NA,14515.3478067653
"Bamako","mswep-v2-8",12388.8447887421,7450.99633023256
"Bamako","terraclimate",13767.4487811311,7590.70261664905
"Bangalore","era5-land",32447.7263672304,24382.4481418076
"Bangalore","gleam-v4-1a",NA,21975.7490678647
"Bangalore","mswep-v2-8",30714.149360888,29953.2321122093
"Bangalore","terraclimate",28015.9982441332,9238.51710036998
"Bangkok","era5-land",34414.8074136892,23073.7480974101
"Bangkok","gleam-v4-1a",NA,29500.5393925476
"Bangkok","mswep-v2-8",33712.4223255814,31258.4481020613
"Bangkok","terraclimate",32138.5502968288,20538.045369556
"Barcelona","era5-land",16662.9604208774,13066.9359819767
"Barcelona","gleam-v4-1a",NA,8670.89407077167
"Barcelona","mswep-v2-8",13130.4877650634,8987.68061115222
"Barcelona","terraclimate",12308.5604855708,5403.40386020085
"Beijing","era5-land",17247.3943726744,14836.8393096723
"Beijing","gleam-v4-1a",NA,11310.1526276427
"Beijing","mswep-v2-8",21884.5511780127,18338.6803215116
"Beijing","terraclimate",12301.317720296,5170.57294820296
"Beirut","era5-land",28215.681234408,19017.9916936047
"Beirut","gleam-v4-1a",NA,52123.0602437104
"Beirut","mswep-v2-8",40805.9036501057,36625.9341687104
"Beirut","terraclimate",56150.3346204545,49173.2773329281
"Bekasi","era5-land",183821.369189641,169367.084461469
"Bekasi","gleam-v4-1a",NA,97993.8458301797
"Bekasi","mswep-v2-8",108012.110452431,113586.178809725
"Bekasi","terraclimate",93263.9349227801,58792.154177167
"Belgrade","era5-land",19274.2084023256,10833.2217126321
"Belgrade","gleam-v4-1a",NA,12847.8877413848
"Belgrade","mswep-v2-8",17159.9322986786,16517.9156707717
"Belgrade","terraclimate",13156.4727701374,3419.26152135307
"Belo Horizonte","era5-land",70666.2272084567,67144.5371084567
"Belo Horizonte","gleam-v4-1a",NA,98975.3936627378
"Belo Horizonte","mswep-v2-8",87045.2303498414,99848.535392389
"Belo Horizonte","terraclimate",90207.9807991543,96215.5763575053
"Berlin","era5-land",10687.4244707717,6640.8985160148
"Berlin","gleam-v4-1a",NA,11188.8000875264
"Berlin","mswep-v2-8",8545.73132827696,12250.6893951374
"Berlin","terraclimate",7543.21585174419,2319.52658985201
"Bishkek","era5-land",23904.6496131078,12635.6464934461
"Bishkek","gleam-v4-1a",NA,7275.7007602537
"Bishkek","mswep-v2-8",7032.94317478858,5968.02033673362
"Bishkek","terraclimate",7301.59427103594,2297.3612352537
"Bogota","era5-land",87818.5650714588,80349.0733232029
"Bogota","gleam-v4-1a",NA,45351.1464508985
"Bogota","mswep-v2-8",40972.0440162262,42697.2088999471
"Bogota","terraclimate",46671.2309823996,42083.5946027484
"Brasilia","era5-land",58090.5613122093,59042.4028966173
"Brasilia","gleam-v4-1a",NA,58329.9074948732
"Brasilia","mswep-v2-8",74436.4363137421,87966.1361128964
"Brasilia","terraclimate",47522.3722530127,54422.3212803383
"Brazzaville","era5-land",11516.9782276427,9538.65130882664
"Brazzaville","gleam-v4-1a",NA,26987.5212580867
"Brazzaville","mswep-v2-8",12723.2413692918,12596.2420665962
"Brazzaville","terraclimate",26604.3627744186,22355.6492384778
"Brussels","era5-land",9765.51521331924,8753.42483424947
"Brussels","gleam-v4-1a",NA,14386.6952859937
"Brussels","mswep-v2-8",9691.45035052854,15441.508261945
"Brussels","terraclimate",9582.17179339323,5630.69228176533
"Bucharest","era5-land",20549.4926221987,14695.6931175476
"Bucharest","gleam-v4-1a",NA,7042.54104455603
"Bucharest","mswep-v2-8",15878.8898301797,11420.5276437104
"Bucharest","terraclimate",11598.0773439218,2661.46293890063
"Budapest","era5-land",16255.7601274313,11735.7149363636
"Budapest","gleam-v4-1a",NA,8244.84197589852
"Budapest","mswep-v2-8",12939.3152026956,11779.1835494186
"Budapest","terraclimate",10217.0435655391,2558.35564545454
"Buenos Aires","era5-land",47531.1797633721,46879.7755059197
"Buenos Aires","gleam-v4-1a",NA,53232.3208940275
"Buenos Aires","mswep-v2-8",63006.9194718816,61983.6937737843
"Buenos Aires","terraclimate",54084.7798817653,16160.4597551797
"Busan","era5-land",100844.314046934,91057.8858585624
"Busan","gleam-v4-1a",NA,87604.8513040169
"Busan","mswep-v2-8",108094.852665116,114516.764094715
"Busan","terraclimate",83852.4643369979,76519.7255544926
"Cairo","era5-land",218.51793461945,4851.40991897463
"Cairo","gleam-v4-1a",NA,150.070360835095
"Cairo","mswep-v2-8",248.332943551797,100.908069133192
"Cairo","terraclimate",115.111005232558,0.294904175475687
"Campinas","era5-land",70378.2331849894,45889.8610741543
"Campinas","gleam-v4-1a",NA,61418.1202712474
"Campinas","mswep-v2-8",57686.5103509514,58379.3445278541
"Campinas","terraclimate",59731.7421418076,40014.7851617336
"Cape Town","era5-land",12192.3179993658,8540.70717336152
"Cape Town","gleam-v4-1a",NA,9634.42664186047
"Cape Town","mswep-v2-8",13394.2907506871,9714.09706448203
"Cape Town","terraclimate",12382.2059160148,3853.2027063425
"Caracas","era5-land",113281.029376744,67633.777759408
"Caracas","gleam-v4-1a",NA,44041.9530661205
"Caracas","mswep-v2-8",34607.8413604123,31338.2253785941
"Caracas","terraclimate",42010.6440881078,23921.2209587209
"Casablanca","era5-land",15931.7637227801,8898.57796548626
"Casablanca","gleam-v4-1a",NA,8314.91436786469
"Casablanca","mswep-v2-8",17446.0543371564,9945.65585216702
"Casablanca","terraclimate",16312.8188319239,4176.01982975687
"Changchun","era5-land",20971.1840348837,20179.1559253171
"Changchun","gleam-v4-1a",NA,10911.4638483615
"Changchun","mswep-v2-8",16201.4683625264,17536.5123524313
"Changchun","terraclimate",9333.52186955603,3634.19131522199
"Changsha","era5-land",111304.113320666,125141.093779493
"Changsha","gleam-v4-1a",NA,45908.5783399577
"Changsha","mswep-v2-8",65282.5506980972,83323.8887604123
"Changsha","terraclimate",35286.9407604123,29317.8770501057
"Changzhou","era5-land",74004.3896807611,85673.868044186
"Changzhou","gleam-v4-1a",NA,40348.5750399049
"Changzhou","mswep-v2-8",39963.5206119979,61163.9896418605
"Changzhou","terraclimate",24639.2251511628,13792.5503179704
"Chengdu","era5-land",39491.8080190275,39106.0983016913
"Chengdu","gleam-v4-1a",NA,13485.4892748414
"Chengdu","mswep-v2-8",29033.4213697146,31788.5397650634
"Chengdu","terraclimate",11922.9012245243,14516.0720788584
"Chennai","era5-land",51955.9625109937,39076.6635439218
"Chennai","gleam-v4-1a",NA,53378.7491198732
"Chennai","mswep-v2-8",61383.0666,53072.0756614694
"Chennai","terraclimate",61189.2796483615,51690.4954428647
"Chicago","era5-land",17920.9401511099,22353.1817219345
"Chicago","gleam-v4-1a",NA,15761.380961945
"Chicago","mswep-v2-8",20106.5796114165,19813.0132059197
"Chicago","terraclimate",16333.108159408,10573.4594742072
"Chittagong","era5-land",179630.266800423,171197.419432558
"Chittagong","gleam-v4-1a",NA,271088.131542283
"Chittagong","mswep-v2-8",187252.724924736,189425.031866966
"Chittagong","terraclimate",265736.250075423,255409.57071686
"Chongqing","era5-land",32495.4524149577,31993.9260549683
"Chongqing","gleam-v4-1a",NA,29092.7487632135
"Chongqing","mswep-v2-8",25131.2018893763,36700.9214627378
"Chongqing","terraclimate",20138.749669556,17380.4864875264
"Coimbatore","era5-land",59873.8391004228,48726.6018090381
"Coimbatore","gleam-v4-1a",NA,24863.1558428647
"Coimbatore","mswep-v2-8",24533.1014276956,15835.4974754228
"Coimbatore","terraclimate",31347.6315904863,13424.7082953488
"Conakry","era5-land",128618.280990433,125195.479425106
"Conakry","gleam-v4-1a",NA,207756.853985835
"Conakry","mswep-v2-8",115882.641190698,113503.233755761
"Conakry","terraclimate",207356.541066966,213202.941771459
"Copenhagen","era5-land",8519.7344410148,6776.74840692389
"Copenhagen","gleam-v4-1a",NA,4539.5312230444
"Copenhagen","mswep-v2-8",6867.78720359408,4525.99208181818
"Copenhagen","terraclimate",6796.72403065539,3942.52231432347
"Curitiba","era5-land",59164.6162534355,66324.8633900634
"Curitiba","gleam-v4-1a",NA,82124.5802928119
"Curitiba","mswep-v2-8",57635.5909265856,67687.6207392706
"Curitiba","terraclimate",74276.4348247357,69413.7765365751
"Dakar","era5-land",9225.65222975687,12836.6253790169
"Dakar","gleam-v4-1a",NA,10480.4050661205
"Dakar","mswep-v2-8",12407.6802570825,8702.80801368922
"Dakar","terraclimate",14158.8939811839,2589.04398113108
"Dalian","era5-land",30462.6091877378,34897.9027498414
"Dalian","gleam-v4-1a",NA,17794.015928277
"Dalian","mswep-v2-8",32337.9412,29982.1239315011
"Dalian","terraclimate",19767.0578010042,4457.59021775899
"Dallas","era5-land",49680.5209881607,35759.1413375793
"Dallas","gleam-v4-1a",NA,13830.0206854123
"Dallas","mswep-v2-8",44884.9104475159,24860.5599646406
"Dallas","terraclimate",28821.7999718816,6093.06459006342
"Damascus","era5-land",6332.68409867865,3679.23158118393
"Damascus","gleam-v4-1a",NA,5228.0193435518
"Damascus","mswep-v2-8",7005.46230798097,4471.22954862579
"Damascus","terraclimate",7721.45966950317,3098.44896717759
"Dar es Salaam","era5-land",41883.5626526427,26254.8846632135
"Dar es Salaam","gleam-v4-1a",NA,38498.7466158034
"Dar es Salaam","mswep-v2-8",40699.8321747886,26698.4671107822
"Dar es Salaam","terraclimate",51923.5862780127,22526.3142389006
"Delhi","era5-land",25703.7484119979,19494.6035511099
"Delhi","gleam-v4-1a",NA,23825.5573230444
"Delhi","mswep-v2-8",30579.6025957717,27399.0473338266
"Delhi","terraclimate",24169.8173342495,13707.6860725159
"Depok","era5-land",249176.948506712,239449.605388742
"Depok","gleam-v4-1a",NA,218059.637899524
"Depok","mswep-v2-8",183903.661062315,198020.231271247
"Depok","terraclimate",204581.286585412,163384.330534672
"Dhaka","era5-land",125672.795412051,142567.453520666
"Dhaka","gleam-v4-1a",NA,134499.601889641
"Dhaka","mswep-v2-8",128825.735015645,137265.326339271
"Dhaka","terraclimate",122290.542800581,121951.181639905
"Dongguan","era5-land",135006.123583668,142817.342782875
"Dongguan","gleam-v4-1a",NA,79885.7934162262
"Dongguan","mswep-v2-8",81266.0841451903,81335.3579950846
"Dongguan","terraclimate",79719.0261050211,72840.0861325053
"Douala","era5-land",112076.423889376,118615.875968446
"Douala","gleam-v4-1a",NA,521055.67152685
"Douala","mswep-v2-8",98028.1168733615,101412.463747992
"Douala","terraclimate",527620.740516068,511414.551554757
"Dubai","era5-land",3386.82598541226,2879.83367801269
"Dubai","gleam-v4-1a",NA,2342.66649767442
"Dubai","mswep-v2-8",4877.11766088795,4414.9717904334
"Dubai","terraclimate",2590.27266316068,8.90048895348838
"Dublin","era5-land",8441.27431812896,7503.62141368922
"Dublin","gleam-v4-1a",NA,8726.98041775899
"Dublin","mswep-v2-8",11159.7000415962,11456.109753277
"Dublin","terraclimate",8846.54220692389,6804.28096041226
"Durban","era5-land",44375.3549570825,24049.0322948732
"Durban","gleam-v4-1a",NA,23534.4129236258
"Durban","mswep-v2-8",33264.912917759,28649.2908771142
"Durban","terraclimate",29613.9274782241,7927.08208604651
"Dushanbe","era5-land",31666.159490222,35250.4414014799
"Dushanbe","gleam-v4-1a",NA,10717.1197464588
"Dushanbe","mswep-v2-8",8928.41591897463,9231.07562764271
"Dushanbe","terraclimate",11585.273280074,6776.45115623679
"Ekurhuleni","era5-land",19976.4941268499,11434.042772093
"Ekurhuleni","gleam-v4-1a",NA,12467.4127818182
"Ekurhuleni","mswep-v2-8",16915.3271971987,9903.13457484144
"Ekurhuleni","terraclimate",17636.1346322939,1205.07311432347
"Faisalabad","era5-land",22841.5340517442,34453.0246004228
"Faisalabad","gleam-v4-1a",NA,7045.88288520085
"Faisalabad","mswep-v2-8",11436.8580128964,3357.36960650106
"Faisalabad","terraclimate",5078.77221199789,27.3692229915434
"Fortaleza","era5-land",127386.285759408,88903.4107608879
"Fortaleza","gleam-v4-1a",NA,194904.572727061
"Fortaleza","mswep-v2-8",204712.138670772,198245.031987526
"Fortaleza","terraclimate",199128.918405655,128085.419061469
"Foshan","era5-land",94973.4763823996,103114.451421353
"Foshan","gleam-v4-1a",NA,65035.2335646406
"Foshan","mswep-v2-8",72521.2678563954,69947.4898408034
"Foshan","terraclimate",65972.0837860465,61418.7971777484
"Freetown","era5-land",161991.745523626,154021.230445877
"Freetown","gleam-v4-1a",NA,106623.270354493
"Freetown","mswep-v2-8",52176.9662766913,56234.7171663848
"Freetown","terraclimate",100941.117794503,104395.30485851
"Fukuoka","era5-land",93098.3315625793,90829.2548604651
"Fukuoka","gleam-v4-1a",NA,122299.245895719
"Fukuoka","mswep-v2-8",122917.593078013,145523.633135888
"Fukuoka","terraclimate",104644.813382875,108901.487304598
"Fuzhou","era5-land",60728.3231917019,53744.6953632135
"Fuzhou","gleam-v4-1a",NA,53771.4898479915
"Fuzhou","mswep-v2-8",52587.3946855708,60675.6905997357
"Fuzhou","terraclimate",48998.8248221987,43052.0890255285
"Guadalajara","era5-land",18140.0914315011,11778.0223904863
"Guadalajara","gleam-v4-1a",NA,13416.2726678118
"Guadalajara","mswep-v2-8",12319.5390412262,13395.1332826638
"Guadalajara","terraclimate",13028.6777980444,7325.23820866808
"Guangzhou","era5-land",120885.654938689,130270.607395349
"Guangzhou","gleam-v4-1a",NA,63485.9738208774
"Guangzhou","mswep-v2-8",78195.7565887949,73667.0476945032
"Guangzhou","terraclimate",64924.5201680232,60749.7269788583
"Guatemala City","era5-land",50359.1956934461,36429.8772276427
"Guatemala City","gleam-v4-1a",NA,49689.6907479915
"Guatemala City","mswep-v2-8",51143.733555814,56507.6463143235
"Guatemala City","terraclimate",43153.9744864165,45921.5875642706
"Guayaquil","era5-land",1138830.24148985,1147606.08857648
"Guayaquil","gleam-v4-1a",NA,76304.595520296
"Guayaquil","mswep-v2-8",395424.912681395,349567.555844133
"Guayaquil","terraclimate",104611.80691686,77952.6426301797
"Guiyang","era5-land",36064.1885190275,42634.385964482
"Guiyang","gleam-v4-1a",NA,22585.2288796512
"Guiyang","mswep-v2-8",22132.5988758985,31726.5389747886
"Guiyang","terraclimate",16683.15632537,15755.5221439746
"Handan","era5-land",21039.3309761099,19477.7353556025
"Handan","gleam-v4-1a",NA,11672.1515777484
"Handan","mswep-v2-8",24844.625520296,23144.8586576638
"Handan","terraclimate",12909.8970021142,3294.94519635307
"Hangzhou","era5-land",68140.422611575,76912.2429092495
"Hangzhou","gleam-v4-1a",NA,37238.3875651163
"Hangzhou","mswep-v2-8",38659.6091365751,55434.8656991543
"Hangzhou","terraclimate",25148.36494926,19027.0034942918
"Hanoi","era5-land",55504.3481826639,64328.4904479916
"Hanoi","gleam-v4-1a",NA,54684.1082295983
"Hanoi","mswep-v2-8",44163.0055479916,50092.8343306554
"Hanoi","terraclimate",47890.7820756871,47010.0875418076
"Harare","era5-land",25692.9479172833,15581.3080691332
"Harare","gleam-v4-1a",NA,26353.6440655391
"Harare","mswep-v2-8",29622.383389852,21501.2289951374
"Harare","terraclimate",33064.3903621564,13866.788095296
"Harbin","era5-land",18111.8661389006,17551.545634408
"Harbin","gleam-v4-1a",NA,5926.6872410148
"Harbin","mswep-v2-8",15483.2743389006,12034.4430672304
"Harbin","terraclimate",7430.93396173362,2499.89043948203
"Havana","era5-land",23034.3868576638,44686.8187422305
"Havana","gleam-v4-1a",NA,40773.3809084567
"Havana","mswep-v2-8",21675.6394149577,15078.1459540698
"Havana","terraclimate",50315.9717295983,32760.113330814
"Hefei","era5-land",56516.3923947146,63438.1120183404
"Hefei","gleam-v4-1a",NA,51307.0684608879
"Hefei","mswep-v2-8",51112.2830458774,62685.076728277
"Hefei","terraclimate",41479.8878204545,24280.07610037
"Helsinki","era5-land",9185.9158012685,7836.63228134249
"Helsinki","gleam-v4-1a",NA,6169.51295623678
"Helsinki","mswep-v2-8",9265.32010882664,8843.86520100423
"Helsinki","terraclimate",6611.95953403805,4933.86800042283
"Ho Chi Minh City","era5-land",36343.8337105708,35728.3729392706
"Ho Chi Minh City","gleam-v4-1a",NA,127798.141627273
"Ho Chi Minh City","mswep-v2-8",31425.3716488372,39401.2886082452
"Ho Chi Minh City","terraclimate",123045.534034038,128834.454133827
"Hong Kong","era5-land",70395.9699904334,68081.1612245243
"Hong Kong","gleam-v4-1a",NA,111892.708925581
"Hong Kong","mswep-v2-8",80980.351095296,83366.7146483615
"Hong Kong","terraclimate",111045.414962579,105588.882715222
"Houston","era5-land",48306.0135458774,33917.09952537
"Houston","gleam-v4-1a",NA,39548.6058454545
"Houston","mswep-v2-8",54846.3114701903,34350.2277836681
"Houston","terraclimate",58706.3971041755,23250.8116893763
"Huaian","era5-land",52917.8178976744,54515.3766183932
"Huaian","gleam-v4-1a",NA,31527.9935570825
"Huaian","mswep-v2-8",34856.2465561839,47909.7270415962
"Huaian","terraclimate",22727.7718830867,10186.7823041755
"Hyderabad","era5-land",35127.2549045983,23919.406318129
"Hyderabad","gleam-v4-1a",NA,23128.4132614693
"Hyderabad","mswep-v2-8",31656.0161539112,23977.6618758985
"Hyderabad","terraclimate",31258.981120666,15364.5429501057
"Ibadan","era5-land",33360.63974926,27904.6791925476
"Ibadan","gleam-v4-1a",NA,45198.7029477801
"Ibadan","mswep-v2-8",22986.5373777484,26212.9590276427
"Ibadan","terraclimate",40158.5168830867,33348.9756936047
"Indore","era5-land",91373.6280579281,79734.2991959302
"Indore","gleam-v4-1a",NA,58380.7820293869
"Indore","mswep-v2-8",67006.5961837209,61323.8505044397
"Indore","terraclimate",62928.6501864693,60001.1324139535
"Islamabad","era5-land",51495.9822794926,29169.3275942918
"Islamabad","gleam-v4-1a",NA,41740.873748573
"Islamabad","mswep-v2-8",33955.6928021142,43956.4965291755
"Islamabad","terraclimate",34221.4450018499,18006.6094322939
"Istanbul","era5-land",12820.1345393235,11531.0817156448
"Istanbul","gleam-v4-1a",NA,18929.3322090381
"Istanbul","mswep-v2-8",13932.3083646406,15520.7323372093
"Istanbul","terraclimate",16816.3685249471,11799.9620065011
"Izmir","era5-land",20845.3229925476,15979.6202803383
"Izmir","gleam-v4-1a",NA,17444.0871354651
"Izmir","mswep-v2-8",25076.6353209302,18942.2725509514
"Izmir","terraclimate",24481.9153933932,16294.225844556
"Jaipur","era5-land",20345.1938224101,13817.7798255285
"Jaipur","gleam-v4-1a",NA,14876.0352389006
"Jaipur","mswep-v2-8",25982.3484604651,19204.6697038055
"Jaipur","terraclimate",18955.850059408,4369.26877378435
"Jakarta","era5-land",171908.832170137,148359.80514926
"Jakarta","gleam-v4-1a",NA,103805.580278806
"Jakarta","mswep-v2-8",112119.503064852,121520.062290222
"Jakarta","terraclimate",96320.6305227801,57261.5958919662
"Jeddah","era5-land",1960.2865904334,3261.68608091966
"Jeddah","gleam-v4-1a",NA,1833.23119048626
"Jeddah","mswep-v2-8",2287.43811775899,1931.48644545455
"Jeddah","terraclimate",1755.28812494715,4.74127077167019
"Jinan","era5-land",19308.4967172833,14887.7472276427
"Jinan","gleam-v4-1a",NA,18201.4506707717
"Jinan","mswep-v2-8",29237.4537045983,27052.3053627907
"Jinan","terraclimate",21500.0676061311,5354.77439719873
"Johannesburg","era5-land",22938.5384580867,13120.9958479915
"Johannesburg","gleam-v4-1a",NA,11822.3390864693
"Johannesburg","mswep-v2-8",17895.6820230444,9662.05386612051
"Johannesburg","terraclimate",17394.2289650634,1037.24764709302
"Kabul","era5-land",13515.8072859937,14489.2890852008
"Kabul","gleam-v4-1a",NA,5475.59591390063
"Kabul","mswep-v2-8",7564.32545554968,6285.33162975687
"Kabul","terraclimate",7005.00366231501,4366.9357134778
"Kampala","era5-land",56131.8546854123,66663.662659408
"Kampala","gleam-v4-1a",NA,49295.7804175476
"Kampala","mswep-v2-8",22156.4395561839,21583.2311160148
"Kampala","terraclimate",49438.2597835095,25411.7161139535
"Kano State","era5-land",9569.72815792812,8880.80834926004
"Kano State","gleam-v4-1a",NA,20846.539164482
"Kano State","mswep-v2-8",9703.58254820296,7635.33510359408
"Kano State","terraclimate",26661.4758353066,9503.29181099366
"Kanpur","era5-land",44226.1520335624,49469.5178904863
"Kanpur","gleam-v4-1a",NA,37133.3832847252
"Kanpur","mswep-v2-8",39014.6783092495,43774.960017759
"Kanpur","terraclimate",30378.6600625793,20818.7202022727
"Karachi","era5-land",12507.9693718288,5799.38191205074
"Karachi","gleam-v4-1a",NA,3769.77566680761
"Karachi","mswep-v2-8",12074.0146377907,5623.91756257928
"Karachi","terraclimate",7563.15270459831,488.283926004228
"Kathmandu","era5-land",166720.663155603,178282.484877114
"Kathmandu","gleam-v4-1a",NA,147197.982113742
"Kathmandu","mswep-v2-8",150990.524937156,154349.210835307
"Kathmandu","terraclimate",142922.542708827,116432.42764371
"Khartoum","era5-land",1395.28652325581,178.916102748414
"Khartoum","gleam-v4-1a",NA,2140.11126273784
"Khartoum","mswep-v2-8",1877.69941664905,639.785028488372
"Khartoum","terraclimate",3064.36323948203,10.7943832452431
"Kigali","era5-land",29543.3969730972,24373.4067950846
"Kigali","gleam-v4-1a",NA,20718.9349811311
"Kigali","mswep-v2-8",25981.7804196089,19549.0333621564
"Kigali","terraclimate",22939.9250970402,10866.9753134778
"Kinshasa","era5-land",11072.0391633721,9419.15244709302
"Kinshasa","gleam-v4-1a",NA,25979.8684695032
"Kinshasa","mswep-v2-8",11813.5271758985,11485.6292158034
"Kinshasa","terraclimate",25088.8104841438,21084.7251557611
"Kochi","era5-land",137188.230155814,136112.086006131
"Kochi","gleam-v4-1a",NA,205896.674853858
"Kochi","mswep-v2-8",108352.166857082,108097.030810994
"Kochi","terraclimate",206585.138298256,195167.010420877
"Kolkata","era5-land",65699.7109293869,70451.7887329281
"Kolkata","gleam-v4-1a",NA,53998.9270602537
"Kolkata","mswep-v2-8",61278.2634342495,65867.4445439218
"Kolkata","terraclimate",50189.5751020613,45448.1165439218
"Kozhikode","era5-land",220861.567238478,227075.001676691
"Kozhikode","gleam-v4-1a",NA,432261.155080074
"Kozhikode","mswep-v2-8",183987.383664852,192578.140393023
"Kozhikode","terraclimate",429372.887690063,417951.80667204
"Kuala Lumpur","era5-land",146479.445087315,145252.647470349
"Kuala Lumpur","gleam-v4-1a",NA,84034.7854581395
"Kuala Lumpur","mswep-v2-8",79785.0985857823,93750.568769556
"Kuala Lumpur","terraclimate",74543.7163654863,91170.8358348309
"Kumasi","era5-land",29520.376961945,16933.6906492072
"Kumasi","gleam-v4-1a",NA,23874.6743255814
"Kumasi","mswep-v2-8",37339.8293,32924.6738475159
"Kumasi","terraclimate",22898.9630707717,17132.0125602537
"Kunming","era5-land",23353.5432348309,18608.4901549683
"Kunming","gleam-v4-1a",NA,17761.8483933932
"Kunming","mswep-v2-8",16696.2520289112,18521.4036855708
"Kunming","terraclimate",17615.1805773256,13942.9491418605
"Kuwait City","era5-land",3176.16150502114,4562.08639006342
"Kuwait City","gleam-v4-1a",NA,539.540153224101
"Kuwait City","mswep-v2-8",2575.60484371036,1791.4075640592
"Kuwait City","terraclimate",855.161636997886,2.2589245243129
"Kyiv","era5-land",7783.02776955603,9901.03962595137
"Kyiv","gleam-v4-1a",NA,4861.16828091966
"Kyiv","mswep-v2-8",5307.65792320296,6596.98380269556
"Kyiv","terraclimate",4041.46589571882,3439.49157906977
"La Paz","era5-land",16209.6269784355,10713.8808412262
"La Paz","gleam-v4-1a",NA,7512.66093488372
"La Paz","mswep-v2-8",5889.50223890063,6735.65762706131
"La Paz","terraclimate",10046.9458562368,3681.80950417548
"Lagos","era5-land",51797.696409038,45026.3799604123
"Lagos","gleam-v4-1a",NA,57366.2334627379
"Lagos","mswep-v2-8",29369.3376614693,30556.921177167
"Lagos","terraclimate",56746.2774788584,49808.1254737844
"Lahore","era5-land",25683.1760919662,21852.8788906448
"Lahore","gleam-v4-1a",NA,5877.14339048626
"Lahore","mswep-v2-8",15368.3047668076,6714.21115729387
"Lahore","terraclimate",9342.18410824524,188.036763213531
"Lanzhou","era5-land",5031.19016892178,2120.89877436575
"Lanzhou","gleam-v4-1a",NA,3230.32649487315
"Lanzhou","mswep-v2-8",3990.82680692389,2922.55094460888
"Lanzhou","terraclimate",2263.16716638478,43.3974995243129
"Lilongwe","era5-land",27129.1185599894,18731.6954855708
"Lilongwe","gleam-v4-1a",NA,23125.6091625264
"Lilongwe","mswep-v2-8",29546.1337953488,24197.7149468816
"Lilongwe","terraclimate",26889.6248120507,19888.3873295983
"Lima","era5-land",1128.0185154334,3919.94533208245
"Lima","gleam-v4-1a",NA,28330.1914492072
"Lima","mswep-v2-8",309.43953192389,1855.74590676533
"Lima","terraclimate",30908.3424103066,19419.0882120507
"Lisbon","era5-land",23376.328323203,18058.050052167
"Lisbon","gleam-v4-1a",NA,32603.521295296
"Lisbon","mswep-v2-8",36006.0840534355,31989.9835933932
"Lisbon","terraclimate",40580.9714864165,28004.8568761099
"Lome","era5-land",37293.8429260042,22479.8777088266
"Lome","gleam-v4-1a",NA,12960.0524410148
"Lome","mswep-v2-8",20201.3669369979,11651.9535027484
"Lome","terraclimate",17832.1301319239,5238.05759508456
"London","era5-land",9540.06537267442,7635.68949952431
"London","gleam-v4-1a",NA,9460.74608430233
"London","mswep-v2-8",8802.30353657505,9939.663875
"London","terraclimate",8566.79773657505,3986.6662788055
"Los Angeles","era5-land",40710.620118129,25019.2780103066
"Los Angeles","gleam-v4-1a",NA,10226.710019186
"Los Angeles","mswep-v2-8",33363.9479435518,13205.7429092495
"Los Angeles","terraclimate",27125.5394718816,4441.32982473573
"Luanda","era5-land",22806.4070957188,7144.72543424947
"Luanda","gleam-v4-1a",NA,36696.8948906448
"Luanda","mswep-v2-8",32309.0821841438,15382.7970669662
"Luanda","terraclimate",42805.6495086681,10293.4960809197
"Lucknow","era5-land",53088.9615265856,57828.4669020613
"Lucknow","gleam-v4-1a",NA,42598.001434408
"Lucknow","mswep-v2-8",39953.4357532241,49566.6218109937
"Lucknow","terraclimate",36999.9858841438,23297.7325646406
"Lusaka","era5-land",21417.956869556,17133.5670782241
"Lusaka","gleam-v4-1a",NA,33481.4823088266
"Lusaka","mswep-v2-8",18118.9040957188,13324.1116754228
"Lusaka","terraclimate",33505.8177730973,14682.1126951374
"Madrid","era5-land",11843.2052120507,10249.9015929704
"Madrid","gleam-v4-1a",NA,4368.40099339323
"Madrid","mswep-v2-8",9396.55698409091,6948.54265639535
"Madrid","terraclimate",6052.66734476744,2595.84911136364
"Malappuram","era5-land",204342.407965486,209161.77975111
"Malappuram","gleam-v4-1a",NA,306505.637299524
"Malappuram","mswep-v2-8",221977.603996353,238481.725926004
"Malappuram","terraclimate",298330.167482875,287402.271741649
"Managua","era5-land",147745.753786469,80631.1392365751
"Managua","gleam-v4-1a",NA,113938.396950951
"Managua","mswep-v2-8",116168.800270772,176205.499164059
"Managua","terraclimate",72956.6593447675,72560.1744555497
"Manila","era5-land",114891.886740116,112893.619796353
"Manila","gleam-v4-1a",NA,138943.682193446
"Manila","mswep-v2-8",108213.974275,113786.697759989
"Manila","terraclimate",134782.011175687,119020.024821353
"Maputo","era5-land",28133.9854809197,14606.2170386892
"Maputo","gleam-v4-1a",NA,29336.6227033298
"Maputo","mswep-v2-8",29849.205092759,21706.4382818182
"Maputo","terraclimate",37825.2658515856,6517.40720676533
"Mashhad","era5-land",5502.39445391121,2912.15173699789
"Mashhad","gleam-v4-1a",NA,1521.69256252643
"Mashhad","mswep-v2-8",4038.87599661734,1285.57579973573
"Mashhad","terraclimate",4754.52682684989,687.445585412262
"Medellin","era5-land",181619.68381834,158980.67560444
"Medellin","gleam-v4-1a",NA,166260.315899947
"Medellin","mswep-v2-8",120053.438076268,139364.408825951
"Medellin","terraclimate",152630.579202696,164423.729929968
"Melbourne","era5-land",18350.5696331395,16293.487464852
"Melbourne","gleam-v4-1a",NA,9809.44521205074
"Melbourne","mswep-v2-8",16693.5654082452,10932.1451063425
"Melbourne","terraclimate",15426.7779384778,1057.9539608351
"Mexico City","era5-land",25999.0863454546,11968.3269578753
"Mexico City","gleam-v4-1a",NA,9526.72980100423
"Mexico City","mswep-v2-8",13491.9246109937,9646.19520401691
"Mexico City","terraclimate",10731.5979020613,2000.80743171247
"Milan","era5-land",71250.0645701374,58344.0243498414
"Milan","gleam-v4-1a",NA,26579.9271105708
"Milan","mswep-v2-8",39027.8518919662,47669.5157320825
"Milan","terraclimate",18138.0156204545,10569.0321742072
"Minsk","era5-land",8219.41141030655,8207.71442045454
"Minsk","gleam-v4-1a",NA,11708.3059840909
"Minsk","mswep-v2-8",7187.28715110994,12376.2439160677
"Minsk","terraclimate",7139.24900591966,4902.71270036998
"Mogadishu","era5-land",19644.6751,21473.2626947146
"Mogadishu","gleam-v4-1a",NA,22234.1185730973
"Mogadishu","mswep-v2-8",18218.4968813425,10391.2111092495
"Mogadishu","terraclimate",25982.1252602008,3163.33056680761
"Monrovia","era5-land",131421.113448837,134850.423734038
"Monrovia","gleam-v4-1a",NA,326168.403817759
"Monrovia","mswep-v2-8",236292.438230603,236292.438230603
"Monrovia","terraclimate",326168.403817759,310138.007567231
"Monterrey","era5-land",21822.9285743657,10888.7666617336
"Monterrey","gleam-v4-1a",NA,13261.5692568182
"Monterrey","mswep-v2-8",17004.5913790169,9988.18027145877
"Monterrey","terraclimate",23358.1278957717,3652.02199762156
"Montevideo","era5-land",56066.5716098837,81188.8044297569
"Montevideo","gleam-v4-1a",NA,24556.15542426
"Montevideo","mswep-v2-8",53049.5921823996,40063.962545666
"Montevideo","terraclimate",33785.3759399577,12657.4463933932
"Montreal","era5-land",17237.3721418076,17093.2349532241
"Montreal","gleam-v4-1a",NA,19304.6228617336
"Montreal","mswep-v2-8",12785.4821646406,14361.6927617336
"Montreal","terraclimate",17306.1631933932,14268.4710335624
"Moscow","era5-land",8458.3731410148,8864.40676871036
"Moscow","gleam-v4-1a",NA,17392.3863319239
"Moscow","mswep-v2-8",7595.9423185518,19875.0863575053
"Moscow","terraclimate",7221.66462552854,5172.546472463
"Mumbai","era5-land",143432.606690063,148640.658817548
"Mumbai","gleam-v4-1a",NA,651559.425129598
"Mumbai","mswep-v2-8",150457.872785412,142650.039546512
"Mumbai","terraclimate",658067.053355814,649287.100961945
"Muscat","era5-land",5570.72549994715,16377.2550424419
"Muscat","gleam-v4-1a",NA,6484.64368641649
"Muscat","mswep-v2-8",12946.9384691332,9628.58184334038
"Muscat","terraclimate",8549.40901960888,112.256905021142
"N Djamena","era5-land",11843.9159637949,19692.7225794397
"N Djamena","gleam-v4-1a",NA,9163.21477647992
"N Djamena","mswep-v2-8",7988.42068837209,1413.23280903805
"N Djamena","terraclimate",11478.9081896406,260.363204386892
"Nagoya","era5-land",91691.4458881078,90156.094039482
"Nagoya","gleam-v4-1a",NA,86719.92742537
"Nagoya","mswep-v2-8",79825.7566602008,86370.3183134778
"Nagoya","terraclimate",83407.7138226216,80773.8089811311
"Nagpur","era5-land",66357.4349365751,63413.7457963531
"Nagpur","gleam-v4-1a",NA,42519.6295730973
"Nagpur","mswep-v2-8",56107.8117367336,54939.6074697674
"Nagpur","terraclimate",48662.3877672304,44416.9487689218
"Nairobi","era5-land",30054.7574103066,19604.4000809197
"Nairobi","gleam-v4-1a",NA,30012.1129782241
"Nairobi","mswep-v2-8",73528.4628010042,48045.6555200846
"Nairobi","terraclimate",42227.6415413848,12705.159120296
"Nanchang","era5-land",99500.4982428647,115861.059377748
"Nanchang","gleam-v4-1a",NA,71498.102677167
"Nanchang","mswep-v2-8",85369.4288631607,102527.6246074
"Nanchang","terraclimate",58963.9826580867,53716.460090222
"Nanjing","era5-land",66068.1703317125,74910.6258718816
"Nanjing","gleam-v4-1a",NA,45376.4293468816
"Nanjing","mswep-v2-8",44133.8572410148,54357.2925826638
"Nanjing","terraclimate",36143.8747878964,20045.1525033298
"Nanning","era5-land",71990.55514926,79646.0142483615
"Nanning","gleam-v4-1a",NA,50514.6787701374
"Nanning","mswep-v2-8",44379.7990229915,53625.8108765328
"Nanning","terraclimate",43120.443645666,38859.5636534884
"New Taipei City","era5-land",136063.482402748,128568.639760835
"New Taipei City","gleam-v4-1a",NA,340767.940258562
"New Taipei City","mswep-v2-8",204140.368891966,215810.420832294
"New Taipei City","terraclimate",330154.296737157,330222.72603018
"New York City","era5-land",33051.3868538583,30589.0140103065
"New York City","gleam-v4-1a",NA,30106.4540272727
"New York City","mswep-v2-8",31351.3954910677,30146.2678687104
"New York City","terraclimate",31723.5339075581,22451.2849726744
"Ningbo","era5-land",73774.3836251057,84130.0311139007
"Ningbo","gleam-v4-1a",NA,27368.0697684461
"Ningbo","mswep-v2-8",39906.6075528541,44726.9229561839
"Ningbo","terraclimate",25240.4023230444,15224.8141268499
"Nouakchott","era5-land",882.899880919662,1420.07678324524
"Nouakchott","gleam-v4-1a",NA,1272.05138752643
"Nouakchott","mswep-v2-8",1618.76004413319,1202.95144371036
"Nouakchott","terraclimate",1665.19778731501,4.28179682875264
"Osaka","era5-land",66283.9243539112,54298.4547912791
"Osaka","gleam-v4-1a",NA,51173.2913528541
"Osaka","mswep-v2-8",60572.0175849894,63277.2592010042
"Osaka","terraclimate",49524.0663160148,35956.510295296
"Oslo","era5-land",22859.1488788055,20891.1604576638
"Oslo","gleam-v4-1a",NA,20839.0343038055
"Oslo","mswep-v2-8",16188.0303840909,19084.7139361522
"Oslo","terraclimate",17064.0092864165,13259.6177509514
"Ouagadougou","era5-land",11463.3035864693,11014.5716695032
"Ouagadougou","gleam-v4-1a",NA,9260.94542325582
"Ouagadougou","mswep-v2-8",12602.2985980444,5972.25969281184
"Ouagadougou","terraclimate",8942.22099127907,1697.94456427061
"Panama City","era5-land",85249.4283353066,74984.646248203
"Panama City","gleam-v4-1a",NA,102609.341367178
"Panama City","mswep-v2-8",42880.7700433404,43484.4891840909
"Panama City","terraclimate",102533.272190063,98574.5026669662
"Paris","era5-land",11398.8329684461,8877.79269704017
"Paris","gleam-v4-1a",NA,4440.20639281184
"Paris","mswep-v2-8",9726.2275551797,5904.27081664905
"Paris","terraclimate",8340.42277309725,2546.4956794926
"Philadelphia","era5-land",32408.4543826638,26592.5108847252
"Philadelphia","gleam-v4-1a",NA,29869.9212276956
"Philadelphia","mswep-v2-8",25836.4553401163,28698.7685782241
"Philadelphia","terraclimate",29952.0834585095,21112.4501599894
"Phoenix Arizona","era5-land",10285.2752352537,1964.06175998943
"Phoenix Arizona","gleam-v4-1a",NA,1687.74327965116
"Phoenix Arizona","mswep-v2-8",9069.29862135307,2546.41372600423
"Phoenix Arizona","terraclimate",3955.46705808668,84.8300720930232
"Port Harcourt","era5-land",54153.3083823996,53916.5716754228
"Port Harcourt","gleam-v4-1a",NA,116158.170565486
"Port Harcourt","mswep-v2-8",60673.1155968288,65190.9092492601
"Port Harcourt","terraclimate",112964.512420877,108505.407834249
"Port au Prince","era5-land",40950.0532948731,30570.572305074
"Port au Prince","gleam-v4-1a",NA,105089.376606924
"Port au Prince","mswep-v2-8",39233.6813255814,30824.9989143235
"Port au Prince","terraclimate",108831.702336575,59646.5730361522
"Porto Alegre","era5-land",55330.3381143763,53293.3271870507
"Porto Alegre","gleam-v4-1a",NA,44876.9097836681
"Porto Alegre","mswep-v2-8",59251.5643033298,67859.1054115751
"Porto Alegre","terraclimate",39802.7975219345,29119.1806276956
"Prague","era5-land",13248.8394714588,6793.91996083509
"Prague","gleam-v4-1a",NA,5991.82969661734
"Prague","mswep-v2-8",8352.11609529598,8203.59665216702
"Prague","terraclimate",5940.85691564482,1040.23806146934
"Pretoria","era5-land",19278.5012393235,11480.7465684461
"Pretoria","gleam-v4-1a",NA,11725.6982038055
"Pretoria","mswep-v2-8",18449.4145027484,12475.6156251057
"Pretoria","terraclimate",16680.5134986787,1158.66709069768
"Puebla","era5-land",23727.9533012685,15668.3533625264
"Puebla","gleam-v4-1a",NA,12453.1598247357
"Puebla","mswep-v2-8",14064.4646348309,10871.9167578753
"Puebla","terraclimate",13416.4719970402,6312.01216448203
"Pune","era5-land",59274.6753773256,58050.781805074
"Pune","gleam-v4-1a",NA,66088.7397160148
"Pune","mswep-v2-8",25516.2926555497,19748.6051836681
"Pune","terraclimate",78178.7445997357,52858.8402208774
"Pyongyang","era5-land",63968.3684251057,65407.1481697146
"Pyongyang","gleam-v4-1a",NA,51490.6340352537
"Pyongyang","mswep-v2-8",65464.4385883192,71003.7139227801
"Pyongyang","terraclimate",47548.5957265856,37099.6396847252
"Qingdao","era5-land",31510.3969854123,26618.1950813425
"Qingdao","gleam-v4-1a",NA,20331.063064852
"Qingdao","mswep-v2-8",38359.3340741543,36578.7034803383
"Qingdao","terraclimate",21727.183887315,6366.59538409091
"Quito","era5-land",38550.0744735729,42957.9487976744
"Quito","gleam-v4-1a",NA,92558.2556428647
"Quito","mswep-v2-8",28069.8321617336,26918.1897737844
"Quito","terraclimate",93059.5327578753,57571.7990229915
"Rabat","era5-land",22558.3497556025,13766.6656390592
"Rabat","gleam-v4-1a",NA,22705.9291312368
"Rabat","mswep-v2-8",22399.125434408,19201.3490614693
"Rabat","terraclimate",26283.481320666,11412.1617460359
"Recife","era5-land",41421.8751325053,31463.9447743658
"Recife","gleam-v4-1a",NA,99605.2864475158
"Recife","mswep-v2-8",83174.2235692917,81815.9136284884
"Recife","terraclimate",100856.17790037,60079.5635811311
"Rio de Janeiro","era5-land",33794.4677997886,21557.3129689218
"Rio de Janeiro","gleam-v4-1a",NA,49607.2632105708
"Rio de Janeiro","mswep-v2-8",45103.3551925476,42423.86730037
"Rio de Janeiro","terraclimate",50682.8750044397,45705.0053790169
"Riyadh","era5-land",1510.68674519027,317.212904651163
"Riyadh","gleam-v4-1a",NA,3237.33378118393
"Riyadh","mswep-v2-8",2121.22763255814,2073.86861580338
"Riyadh","terraclimate",3444.88634984144,8.75710972515858
"Rome","era5-land",29508.0671691332,26585.4484035941
"Rome","gleam-v4-1a",NA,12473.5021498414
"Rome","mswep-v2-8",20845.8489255814,16685.4804762685
"Rome","terraclimate",11775.4919547569,6205.1298230444
"Saint Petersburg","era5-land",8660.63664286469,7440.54357267442
"Saint Petersburg","gleam-v4-1a",NA,8044.64815872093
"Saint Petersburg","mswep-v2-8",5930.03222494715,7303.4243134778
"Saint Petersburg","terraclimate",6695.57886257928,4506.64149275898
"Salvador Bahia","era5-land",56366.2795422304,61929.5382040169
"Salvador Bahia","gleam-v4-1a",NA,146478.445223837
"Salvador Bahia","mswep-v2-8",98441.5508056554,93377.585280074
"Salvador Bahia","terraclimate",149529.74151686,133649.031199736
"San Antonio","era5-land",64328.2566718816,29581.8309458774
"San Antonio","gleam-v4-1a",NA,18807.5350301797
"San Antonio","mswep-v2-8",39456.9349278541,16268.768528277
"San Antonio","terraclimate",40420.58070037,4446.71665708245
"San Diego","era5-land",29269.1942,21371.3211579281
"San Diego","gleam-v4-1a",NA,4974.787405074
"San Diego","mswep-v2-8",18540.3997236258,6743.64049894292
"San Diego","terraclimate",14835.9063997357,956.889979016913
"San Jose","era5-land",299853.246797622,282326.439847093
"San Jose","gleam-v4-1a",NA,120883.331253911
"San Jose","mswep-v2-8",95489.5947399577,119180.9751
"San Jose","terraclimate",104491.064834249,96892.4951300212
"San Juan","era5-land",48850.3078860465,35224.4000765328
"San Juan","gleam-v4-1a",NA,156752.618057664
"San Juan","mswep-v2-8",66471.881652167,56810.3615811311
"San Juan","terraclimate",165738.144086416,135526.992612896
"San Salvador","era5-land",63065.7575718816,49723.7162741543
"San Salvador","gleam-v4-1a",NA,106609.461590433
"San Salvador","mswep-v2-8",45268.1715067125,55858.1318580867
"San Salvador","terraclimate",89283.0100090381,98464.9519090909
"Sanaa","era5-land",17269.7020575053,8911.63635998943
"Sanaa","gleam-v4-1a",NA,18078.4259143235
"Sanaa","mswep-v2-8",9353.82787251586,3321.28554180761
"Sanaa","terraclimate",22262.495887315,669.597830021141
"Santiago","era5-land",48265.3601989429,48309.310269556
"Santiago","gleam-v4-1a",NA,32287.3506300211
"Santiago","mswep-v2-8",35837.7947325053,29208.9257040169
"Santiago","terraclimate",39889.8911654863,21851.960292389
"Santo Domingo","era5-land",44196.7677557611,37090.7593739429
"Santo Domingo","gleam-v4-1a",NA,56893.1126896406
"Santo Domingo","mswep-v2-8",52612.4633075581,53998.7187143235
"Santo Domingo","terraclimate",54816.3933900634,35035.7221405391
"Sao Paulo","era5-land",48596.5201160148,52263.4475599894
"Sao Paulo","gleam-v4-1a",NA,59687.6702361522
"Sao Paulo","mswep-v2-8",51496.3981739429,56753.8942399049
"Sao Paulo","terraclimate",57149.3095858351,51595.4403540698
"Seoul","era5-land",60975.874061945,63168.0728579281
"Seoul","gleam-v4-1a",NA,78304.2730830867
"Seoul","mswep-v2-8",62333.390662315,76497.0860483615
"Seoul","terraclimate",67233.9505875264,61378.4883811311
"Shanghai","era5-land",75500.1010352537,82664.4985837209
"Shanghai","gleam-v4-1a",NA,26663.8295663848
"Shanghai","mswep-v2-8",33330.3248970402,43868.6468322939
"Shanghai","terraclimate",17465.1483088266,7994.15968641649
"Shantou","era5-land",70426.0799691332,61607.3563451903
"Shantou","gleam-v4-1a",NA,73456.2351162791
"Shantou","mswep-v2-8",72444.1253570825,72444.1253570825
"Shantou","terraclimate",73456.2351162791,63350.3215422304
"Shenyang","era5-land",39576.4122059197,38265.1985692918
"Shenyang","gleam-v4-1a",NA,11022.955215222
"Shenyang","mswep-v2-8",28797.7222735729,24139.7775852008
"Shenyang","terraclimate",14812.483944186,5668.8399160148
"Shenzhen","era5-land",75358.4239625793,75095.2163701903
"Shenzhen","gleam-v4-1a",NA,106796.745313478
"Shenzhen","mswep-v2-8",78417.8082859937,83271.7513887949
"Shenzhen","terraclimate",101480.229357928,92709.8142488372
"Shijiazhuang","era5-land",17322.802892759,15968.3214661205
"Shijiazhuang","gleam-v4-1a",NA,7669.48913588795
"Shijiazhuang","mswep-v2-8",13015.1980515856,12821.458252167
"Shijiazhuang","terraclimate",8600.3428167019,1511.28479339323
"Singapore","era5-land",99850.4745674419,114395.604538689
"Singapore","gleam-v4-1a",NA,131688.838117548
"Singapore","mswep-v2-8",100210.922162526,103412.373153911
"Singapore","terraclimate",128765.746369715,129214.485957505
"Sofia","era5-land",9615.66213673362,7260.89391522199
"Sofia","gleam-v4-1a",NA,11403.0634322939
"Sofia","mswep-v2-8",9315.56146104651,6728.34217716702
"Sofia","terraclimate",15324.3047458774,4662.4069096723
"Stockholm","era5-land",6766.16905174419,5430.52388599366
"Stockholm","gleam-v4-1a",NA,4503.41389487315
"Stockholm","mswep-v2-8",5987.10953208245,5732.23650274841
"Stockholm","terraclimate",4625.59513995772,5255.91105216702
"Surabaya","era5-land",170620.983401004,152670.312875687
"Surabaya","gleam-v4-1a",NA,71869.2447945032
"Surabaya","mswep-v2-8",100386.229973943,89647.6315737844
"Surabaya","terraclimate",80641.1686754228,43628.8188224102
"Surat","era5-land",111178.762624524,99516.7320441332
"Surat","gleam-v4-1a",NA,115555.010414958
"Surat","mswep-v2-8",103680.77762537,103966.525199736
"Surat","terraclimate",115833.779161945,94562.9810107823
"Suzhou","era5-land",71976.213480074,80549.0724128964
"Suzhou","gleam-v4-1a",NA,19866.4073367336
"Suzhou","mswep-v2-8",31570.7643190275,38695.9449486258
"Suzhou","terraclimate",15778.3357587209,7130.5389134778
"Sydney","era5-land",50941.9202408034,26853.7713247357
"Sydney","gleam-v4-1a",NA,67484.5698610465
"Sydney","mswep-v2-8",71765.7815501057,63656.2837278541
"Sydney","terraclimate",76676.2957463002,38692.9196353066
"Taipei","era5-land",105575.441553224,103790.413183087
"Taipei","gleam-v4-1a",NA,323749.969569556
"Taipei","mswep-v2-8",195853.174512896,204260.6159824
"Taipei","terraclimate",316094.543535888,315391.889513478
"Taiyuan","era5-land",13991.7068813953,11736.9378661205
"Taiyuan","gleam-v4-1a",NA,6315.82962510571
"Taiyuan","mswep-v2-8",8646.25175095137,11156.1722767442
"Taiyuan","terraclimate",5390.67650459831,511.594354069767
"Tangshan","era5-land",30970.4843131078,24193.1420610465
"Tangshan","gleam-v4-1a",NA,10615.7169270613
"Tangshan","mswep-v2-8",29584.1112813425,23972.4320936047
"Tangshan","terraclimate",13533.3880585624,3981.98951860465
"Tashkent","era5-land",13004.4804213002,7363.34743298097
"Tashkent","gleam-v4-1a",NA,6369.0448230444
"Tashkent","mswep-v2-8",8104.67613763213,4491.18196553911
"Tashkent","terraclimate",9009.33392959831,4005.82480591966
"Tbilisi","era5-land",16008.3879061311,11958.2668889535
"Tbilisi","gleam-v4-1a",NA,7426.7749410148
"Tbilisi","mswep-v2-8",6629.74698831924,5171.62189741015
"Tbilisi","terraclimate",9584.60361564482,1215.19675095137
"Tegucigalpa","era5-land",70144.223206501,64149.1795485729
"Tegucigalpa","gleam-v4-1a",NA,47507.9425718816
"Tegucigalpa","mswep-v2-8",39737.6495515328,42028.1531591438
"Tegucigalpa","terraclimate",45530.1656788583,36653.5630669662
"Tehran","era5-land",7886.76272193446,4966.82104159619
"Tehran","gleam-v4-1a",NA,1974.92454603594
"Tehran","mswep-v2-8",3363.74045343552,2086.0052352537
"Tehran","terraclimate",2439.85718705074,86.6453663847779
"Tel Aviv","era5-land",11565.753820296,8302.2930428647
"Tel Aviv","gleam-v4-1a",NA,20228.1093777484
"Tel Aviv","mswep-v2-8",15845.6908716173,15784.2942105708
"Tel Aviv","terraclimate",22634.1716306554,14492.5509739429
"Thrissur","era5-land",133070.209880761,140768.52840148
"Thrissur","gleam-v4-1a",NA,246238.646867389
"Thrissur","mswep-v2-8",147763.344853013,151192.881304175
"Thrissur","terraclimate",248428.202069503,234375.054931924
"Tianjin","era5-land",21371.8576372093,16853.5858353066
"Tianjin","gleam-v4-1a",NA,8684.02709741015
"Tianjin","mswep-v2-8",20958.5255689218,14715.5404276427
"Tianjin","terraclimate",12224.1539342495,2493.45485243129
"Tokyo","era5-land",32930.8434687104,36057.4994462474
"Tokyo","gleam-v4-1a",NA,43445.3017540698
"Tokyo","mswep-v2-8",42918.4194111522,49985.1307405391
"Tokyo","terraclimate",39612.655044556,31659.1997710359
"Toronto","era5-land",9247.49617478858,9688.84600565539
"Toronto","gleam-v4-1a",NA,8536.75749429176
"Toronto","mswep-v2-8",10632.2847951374,12873.2852021142
"Toronto","terraclimate",7700.77289661734,6522.26529529598
"Tripoli District","era5-land",10289.8030073467,15804.5128040169
"Tripoli District","gleam-v4-1a",NA,7369.12617732558
"Tripoli District","mswep-v2-8",5375.72332785412,5375.72332785412
"Tripoli District","terraclimate",7369.12617732558,1450.51054862579
"Tunis","era5-land",9703.98277653277,7557.37480184989
"Tunis","gleam-v4-1a",NA,8466.9281602537
"Tunis","mswep-v2-8",10599.47892537,7273.40986680761
"Tunis","terraclimate",11835.7172547569,4148.05372531713
"Ulaanbaatar","era5-land",4308.06329069768,3265.8739665962
"Ulaanbaatar","gleam-v4-1a",NA,4780.92799127907
"Ulaanbaatar","mswep-v2-8",3628.68651686046,3228.73638646934
"Ulaanbaatar","terraclimate",2112.34053298097,93.6424166490487
"Urumqi","era5-land",3736.45062426004,2526.42433588795
"Urumqi","gleam-v4-1a",NA,5546.48148816068
"Urumqi","mswep-v2-8",2936.65514820296,6713.36023298097
"Urumqi","terraclimate",2394.60007019027,236.625211575053
"Vienna","era5-land",8616.50272706131,6235.1485384778
"Vienna","gleam-v4-1a",NA,4891.28657309725
"Vienna","mswep-v2-8",6262.82992219873,5481.06969360465
"Vienna","terraclimate",5403.17196173361,1699.14003440803
"Warsaw","era5-land",7217.86370798097,6218.12246146934
"Warsaw","gleam-v4-1a",NA,13303.3515925476
"Warsaw","mswep-v2-8",5666.73855243129,15638.9722209302
"Warsaw","terraclimate",4460.201480074,1310.49871136364
"Wenzhou","era5-land",78505.5274881078,84193.5264881607
"Wenzhou","gleam-v4-1a",NA,49305.2492864165
"Wenzhou","mswep-v2-8",53768.0965126321,57079.861252167
"Wenzhou","terraclimate",47518.1219050211,45797.7108408034
"Wuhan","era5-land",129878.08102537,152407.301941015
"Wuhan","gleam-v4-1a",NA,56940.9900754228
"Wuhan","mswep-v2-8",77906.0445247357,101554.624704598
"Wuhan","terraclimate",39984.9822090909,32790.1184847252
"Wuxi","era5-land",77402.6055172833,86368.8932293869
"Wuxi","gleam-v4-1a",NA,28340.8165764799
"Wuxi","mswep-v2-8",32005.5555274313,44887.5263020613
"Wuxi","terraclimate",19253.2011413848,10713.0461020613
"Xiamen","era5-land",79085.2358672304,69709.1961637949
"Xiamen","gleam-v4-1a",NA,29621.5770919662
"Xiamen","mswep-v2-8",52176.9708322939,50072.1308483615
"Xiamen","terraclimate",31335.8399369979,19137.8777306554
"Xian","era5-land",26209.9911608351,20205.2968323467
"Xian","gleam-v4-1a",NA,16652.1653826638
"Xian","mswep-v2-8",17239.8133506871,22141.9986230444
"Xian","terraclimate",12481.1969980444,4644.26733673362
"Yangon","era5-land",54694.4777959302,54655.4741274313
"Yangon","gleam-v4-1a",NA,182709.427802748
"Yangon","mswep-v2-8",66764.1224580867,71523.6152980973
"Yangon","terraclimate",173140.859295296,177886.886746459
"Yaounde","era5-land",23469.1115353066,21889.2698995243
"Yaounde","gleam-v4-1a",NA,63332.5383122093
"Yaounde","mswep-v2-8",28826.4485803383,36211.1858951374
"Yaounde","terraclimate",60213.4493265856,62181.7276940275
"Yerevan","era5-land",5044.57007077167,3058.95749069768
"Yerevan","gleam-v4-1a",NA,2520.70874693446
"Yerevan","mswep-v2-8",2905.55364920719,3059.39777378435
"Yerevan","terraclimate",3745.5424762685,364.743997463002
"Zhengzhou","era5-land",30971.4560598309,27634.2629302326
"Zhengzhou","gleam-v4-1a",NA,15240.8086040169
"Zhengzhou","mswep-v2-8",22265.3282012685,21893.7771395349
"Zhengzhou","terraclimate",15387.9666479915,3100.10088345666
"Zhongshan","era5-land",70122.9123561839,72753.3953718816
"Zhongshan","gleam-v4-1a",NA,97887.9218158034
"Zhongshan","mswep-v2-8",67459.2151236786,71924.6475320825
"Zhongshan","terraclimate",94802.4728585624,86190.8066208774
